<Ui xmlns="http://www.blizzard.com/wow/ui/" xmlns:xsi="http://www.w3.org/2001/XMLSchema-instance" xsi:schemaLocation="http://www.blizzard.com/wow/ui/
..\FrameXML\UI.xsd">
<!--@no-lib-strip@-->
	<Script  file="LibStub\LibStub.lua"/>
	<Include file="CallbackHandler-1.0\CallbackHandler-1.0.xml" />
	<Include file="AceAddon-3.0\AceAddon-3.0.xml" />
	<Include file="AceEvent-3.0\AceEvent-3.0.xml" />
	<Include file="AceTimer-3.0\AceTimer-3.0.xml" />
	<Include file="AceDB-3.0\AceDB-3.0.xml" />
	<Include file="AceDBOptions-3.0\AceDBOptions-3.0.xml" />
	<Include file="AceConsole-3.0\AceConsole-3.0.xml" />
	<Include file="AceGUI-3.0\AceGUI-3.0.xml" />
	<Include file="AceConfig-3.0\AceConfig-3.0.xml" />
	<Include file="AceComm-3.0\AceComm-3.0.xml" />
	<Include file="AceSerializer-3.0\AceSerializer-3.0.xml" />
	<Include file="LibBabble-CreatureType-3.0\lib.xml" />
	<Script  file="LibDataBroker-1.1\LibDataBroker-1.1.lua"/>
	<Script  file="LibDBIcon-1.0\LibDBIcon-1.0.lua"/>
	<Include file="LibTextDump-1.0\lib.xml" />
	<Script file="LibRangeCheck-2.0\LibRangeCheck-2.0\LibRangeCheck-2.0.lua"/>
	<Include file="tslib\files.xml"/>
	<Include file="tsaddon\files.xml"/>
<!--@end-no-lib-strip@-->
</Ui>
