<Ui xmlns="http://www.blizzard.com/wow/ui/" xmlns:xsi="http://www.w3.org/2001/XMLSchema-instance" xsi:schemaLocation="http://www.blizzard.com/wow/ui/ ..\FrameXML\UI.xsd">
	<Script file="ovale_common.lua" />
	<Script file="ovale_trinkets_mop.lua" />
	<Script file="ovale_trinkets_wod.lua" />

	<Script file="ovale_deathknight.lua" />
	<Script file="ovale_deathknight_spells.lua" />
	<Script file="ovale_druid.lua" />
	<Script file="ovale_druid_spells.lua" />
	<Script file="ovale_hunter.lua" />
	<Script file="ovale_hunter_spells.lua" />
	<Script file="ovale_mage.lua" />
	<Script file="ovale_mage_spells.lua" />
	<Script file="ovale_monk.lua" />
	<Script file="ovale_monk_spells.lua" />
	<Script file="ovale_paladin.lua" />
	<Script file="ovale_paladin_spells.lua" />
	<Script file="ovale_priest.lua" />
	<Script file="ovale_priest_spells.lua" />
	<Script file="ovale_rogue.lua" />
	<Script file="ovale_rogue_spells.lua" />
	<Script file="ovale_shaman.lua" />
	<Script file="ovale_shaman_spells.lua" />
	<Script file="ovale_warlock.lua" />
	<Script file="ovale_warlock_spells.lua" />
	<Script file="ovale_warrior.lua" />
	<Script file="ovale_warrior_spells.lua" />
</Ui>
