<Ui xmlns="http://www.blizzard.com/wow/ui/">
	<Script file="Libs\LibStub\LibStub.lua"/>
	<Include file="Libs\CallbackHandler-1.0\CallbackHandler-1.0.xml"/>
	<Include file="Libs\AceAddon-3.0\AceAddon-3.0.xml"/>
	<Include file="Libs\AceGUI-3.0\AceGUI-3.0.xml"/>
	<Include file="Libs\AceConsole-3.0\AceConsole-3.0.xml"/>
	<Include file="Libs\AceConfig-3.0\AceConfig-3.0.xml"/>
	<Include file="Libs\AceTimer-3.0\AceTimer-3.0.xml"/>
	<Include file="Libs\AceSerializer-3.0\AceSerializer-3.0.xml"/>
	<Include file="Libs\AceComm-3.0\AceComm-3.0.xml"/>
	<Include file="Libs\AceEvent-3.0\AceEvent-3.0.xml"/>
	<Include file="Libs\AceDB-3.0\AceDB-3.0.xml"/>
	<Include file="Libs\AceDBOptions-3.0\AceDBOptions-3.0.xml"/>
	<Include file="Libs\LibSharedMedia-3.0\lib.xml"/>
	<Include file="Libs\AceGUI-3.0-SharedMediaWidgets\widget.xml"/>
	<Script file="Libs\LibSpellRange-1.0\LibSpellRange-1.0.lua"/>
	<Script file="Libs\LibDualSpec-1.0\LibDualSpec-1.0.lua"/>
	<Script file="Libs\LibRangeCheck-2.0\LibRangeCheck-2.0\LibRangeCheck-2.0.lua"/>
	<Include file="Libs\LibItemBuffs-1.0\LibItemBuffs-1.0.xml"/>
</Ui>