<Bindings>
	<Binding name="OVALE_CHECKBOX0" header="OVALE">
		LibStub:GetLibrary("ovale").ioc.frame.frame:ToggleCheckBox(0)
	</Binding>
	<Binding name="OVALE_CHECKBOX1">
		LibStub:GetLibrary("ovale").ioc.frame.frame:ToggleCheckBox(1)
	</Binding>
	<Binding name="OVALE_CHECKBOX2">
		LibStub:GetLibrary("ovale").ioc.frame.frame:ToggleCheckBox(2)
	</Binding>
	<Binding name="OVALE_CHECKBOX3">
		LibStub:GetLibrary("ovale").ioc.frame.frame:ToggleCheckBox(3)
	</Binding>
	<Binding name="OVALE_CHECKBOX4">
		LibStub:GetLibrary("ovale").ioc.frame.frame:ToggleCheckBox(4)
	</Binding>
</Bindings>
