<Ui xmlns="http://www.blizzard.com/wow/ui/" xmlns:xsi="http://www.w3.org/2001/XMLSchema-instance" xsi:schemaLocation="http://www.blizzard.com/wow/ui/
..\FrameXML\UI.xsd">
	<!--@no-lib-strip@-->
	<Script file="libs\LibStub\LibStub.lua"/>
	<Include file="libs\CallbackHandler-1.0\CallbackHandler-1.0.xml"/>
	<Include file="libs\LibChatAnims\LibChatAnims.xml"/>
	<Include file="libs\AceGUI-3.0\AceGUI-3.0.xml"/>
	<Include file="libs\AceConsole-3.0\AceConsole-3.0.xml"/>
	<Include file="libs\AceConfig-3.0\AceConfig-3.0.xml"/>
	<Include file="libs\AceTimer-3.0\AceTimer-3.0.xml"/>
	<Include file="libs\AceSerializer-3.0\AceSerializer-3.0.xml"/>
	<Include file="libs\AceComm-3.0\AceComm-3.0.xml"/>
	<Include file="libs\AceEvent-3.0\AceEvent-3.0.xml"/>
	<Include file="libs\LibSharedMedia-3.0\lib.xml"/>
	<Include file="libs\AceGUI-3.0-SharedMediaWidgets\widget.xml"/>
	<Include file="libs\LibBabble-Race-3.0\lib.xml"/>
	<Script file="libs\LibCompress\LibCompress.lua"/>
	<Script file="libs\LibDataBroker-1.1\LibDataBroker-1.1.lua"/>
	<Script file="libs\LibButtonGlow-1.0\LibButtonGlow-1.0.lua"/>
	<Script file="libs\LibSpellRange-1.0\LibSpellRange-1.0.lua"/>
	<!--@end-no-lib-strip@-->
</Ui>
