<Ui xmlns="http://www.blizzard.com/wow/ui/" xmlns:xsi="http://www.w3.org/2001/XMLSchema-instance" xsi:schemaLocation="http://www.blizzard.com/wow/ui/
..\FrameXML\UI.xsd">

	<Script file="Locales\Localization-enUS.lua"/>
	<Script file="Locales\Localization-deDE.lua"/>
	<Script file="Locales\Localization-frFR.lua"/>
	<Script file="Locales\Localization-koKR.lua"/>
	<Script file="Locales\Localization-zhCN.lua"/>
	<Script file="Locales\Localization-zhTW.lua"/>
	<Script file="Locales\Localization-esES.lua"/>
	<Script file="Locales\Localization-ruRU.lua"/>
	<Script file="Locales\Localization-ptBR.lua"/>
	<Script file="Locales\Localization-itIT.lua"/>
</Ui>
