{
  "version": "0.2",
  "language": "en-US, en-GB",
  "allowCompoundWords": true,
  "ignoreRegExpList": ["\\((.+?)\\)"],
  "ignorePaths": [
    "WeakAurasModelPaths",
    "WeakAurasTemplates",
    "WeakAuras/Atlas_*.lua",
    "WeakAuras/Types*.lua",
    "WeakAuras/Libs",
    ".luacheckrc"
  ],
  "words": [
    "Aberrus",
    "AceGUIWidgetLSMlists",
    "Adamantite",
    "Adjusteded",
    "AGSMW",
    "Ahn'Qiraj",
    "Akama",
    "Akil'zon",
    "Al'Akir",
    "Ambiguate",
    "anchorer",
    "Anub'arak",
    "Anub'Rekhan",
    "Aran",
    "Arcanic",
    "Arcanosphere",
    "Archimonde",
    "Arlokk",
    "Arthaslichking",
    "Ashamane",
    "Astromancer",
    "Auriaya",
    "autocrlf",
    "Ayamiss",
    "Azeroth",
    "Azgalor",
    "Azj'Aqir",
    "Baltharus",
    "bonusid",
    "Brutallus",
    "Buru",
    "buttonnum",
    "Casterino",
    "Cata",
    "Cenarion",
    "CENTERX",
    "CENTERY",
    "cffff",
    "cffffcc",
    "cffffff",
    "cffffffff",
    "cguy",
    "Chakram",
    "Chimaeral",
    "Chromaggus",
    "CLEU",
    "cloneid",
    "Coagulopathy",
    "coeff",
    "coro",
    "cvars",
    "Daakara",
    "Danse",
    "Datas",
    "Debuff",
    "Debuffed",
    "debuffs",
    "Deconstructor",
    "Desaturated",
    "desaturatetext",
    "dgroup",
    "dgrouporder",
    "dispellable",
    "Dracthyr",
    "Draenei",
    "Draenor",
    "drunkenox",
    "Durs",
    "dyngroup",
    "elap",
    "elaps",
    "Elune",
    "Emalon",
    "Empath",
    "encounterid",
    "Enfz",
    "Eternus",
    "Excep",
    "Executus",
    "Faeline",
    "Faerlina",
    "faiap",
    "Fankriss",
    "Felblade",
    "Felfire",
    "Felguard",
    "Felhunter",
    "Felmyst",
    "Felstorm",
    "FFAAAAFF",
    "FFAAFFAA",
    "FFFFAAAA",
    "fjtz",
    "Flamegor",
    "Fojji",
    "foundfx",
    "frexp",
    "Frostwyrm",
    "ftcsv",
    "funcs",
    "Funkeh",
    "Gahz'ranka",
    "Galmok",
    "Garr",
    "garrmission",
    "GCDCD",
    "getfenv",
    "Gluth",
    "Gnomovision",
    "Golemagg",
    "Gothik",
    "Grimoire",
    "Grobbulus",
    "Gruul",
    "GTFO",
    "GUIDS",
    "Gul'dan",
    "Gurtogg",
    "Hakkar",
    "Halazzi",
    "Heigan",
    "Hexxer",
    "Hgarrmission",
    "hidefunc",
    "Hodir",
    "htex",
    "Huhuran",
    "Hydross",
    "Hyjal",
    "idtable",
    "ignorespellid",
    "Illidan",
    "Illidari",
    "incombat",
    "Instakill",
    "interruptible",
    "inversed",
    "ismoving",
    "isunit",
    "itemequiped",
    "Jaraxxus",
    "Jeklik",
    "Jin'do",
    "Kael'thas",
    "Kaitan",
    "Kalecgos",
    "Karathress",
    "Karazhan",
    "Kaz'rogal",
    "Kel'Thuzad",
    "Kil'jaeden",
    "Kilrogg",
    "Kologarn",
    "Koralon",
    "Kurinnaxx",
    "Lana'thel",
    "LCTRL",
    "LEFTPAREN",
    "legionf",
    "legionv",
    "legionw",
    "Leotheras",
    "Lerp",
    "Lich",
    "Lichborne",
    "Loatheb",
    "lshift",
    "luacheck",
    "Lucifron",
    "Lxtf",
    "Lxtjx",
    "Maexxna",
    "Maghar",
    "Magtheridon",
    "Malchezaar",
    "Malygos",
    "Mandokir",
    "Mechagnome",
    "Mikk",
    "Mithril",
    "Moam",
    "Monokai",
    "Moroes",
    "moveup",
    "Mxtfw",
    "N'Zoth",
    "Naaru",
    "Naj'entus",
    "Nalorakk",
    "Naxxramas",
    "Nefarian",
    "Nethergon",
    "newid",
    "Niuzao",
    "noreset",
    "Noth",
    "noupdate",
    "ntex",
    "NUMDIALOGS",
    "numlines",
    "Odyn",
    "offsetx",
    "offsety",
    "oldid",
    "Omni",
    "Onyxia",
    "Ossirian",
    "Ouro",
    "Ouroboros",
    "Patchwerk",
    "pbottom",
    "pcancel",
    "perc",
    "pleft",
    "pright",
    "prio",
    "pstop",
    "Psyfiend",
    "Psyflay",
    "Pterrordax",
    "ptex",
    "ptext",
    "ptop",
    "Putricide",
    "pvpflagged",
    "pvptalent",
    "Pyroblast",
    "Pyroclasm",
    "Pyrogenics",
    "queueshowooc",
    "Ragnaros",
    "Rajaxx",
    "ratedpvp",
    "Razuvious",
    "RCTRL",
    "redx",
    "REGEN",
    "Regenratin",
    "rescroll",
    "Resizer",
    "RIGHTPAREN",
    "rprogress",
    "rshift",
    "Runed",
    "sameop",
    "Saron",
    "Sartharion",
    "Sartura",
    "Saurfang",
    "Saviana",
    "scalex",
    "scaley",
    "Scorpid",
    "scrollbg",
    "sealofsalvation",
    "setfenv",
    "sfgg",
    "sfng",
    "sfsg",
    "Shahraz",
    "Shazzrah",
    "Shoop",
    "showgcd",
    "showlossofcontrol",
    "Silithid",
    "Sindragosa",
    "Skeram",
    "SOUNDFX",
    "spammy",
    "spellid",
    "Stealthed",
    "Sulfuron",
    "Taijitu",
    "Tauren",
    "tconcat",
    "TCOORDS",
    "tdata",
    "Tenebron",
    "Teron",
    "Thaddius",
    "Thekal",
    "Tiran",
    "titlebg",
    "tobyte",
    "tocversion",
    "toon",
    "Transmisson",
    "tremove",
    "triggernum",
    "Triggernums",
    "tsize",
    "tsort",
    "uids",
    "UIPARENT",
    "uiscale",
    "Ulduar",
    "unevent",
    "UNGHOST",
    "unglow",
    "Ungroup",
    "ungrouptexture",
    "Uninvite",
    "Unserializable",
    "Unstealthed",
    "untrackable",
    "untrigger",
    "updata",
    "upgroup",
    "upgrouptexture",
    "upvalue",
    "Ursoc",
    "Ursol",
    "Vaelastrasz",
    "Val'kyr",
    "Valithria",
    "vals",
    "Vashj",
    "Venoxis",
    "Vesperon",
    "Vezax",
    "Viscidus",
    "Wago",
    "winsoa",
    "Woop",
    "Worgen",
    "wotlk",
    "Xmdm",
    "xoffset",
    "Xuen",
    "yoffset",
    "Yogg",
    "Yoyodyne",
    "yrange",
    "Ysera",
    "Yssaril",
    "Yu'lon",
    "Zandalari",
    "Zarithrian",
    "Zul'Aman",
    "Zul'Gurub"
  ]
}
