﻿<Ui xmlns="http://www.blizzard.com/wow/ui/" xmlns:xsi="http://www.w3.org/2001/XMLSchema-instance" xsi:schemaLocation="http://www.blizzard.com/wow/ui/ ..\..\FrameXML\UI.xsd">

  <CheckButton name="SecureOvaleIconTemplate" virtual="true" inherits="SecureActionButtonTemplate, ActionButtonTemplate">
    <Scripts>
      <OnLoad>OvaleIcon_OnLoad(self)</OnLoad>
      <OnEnter>OvaleIcon_OnEnter(self)</OnEnter>
      <OnLeave>OvaleIcon_OnLeave(self)</OnLeave>
    </Scripts>
  </CheckButton>
  
  <CheckButton name="OvaleIconTemplate" virtual="true" inherits="ActionButtonTemplate">
    <Scripts>
      <OnLoad>OvaleIcon_OnLoad(self)</OnLoad>
      <OnEnter>OvaleIcon_OnEnter(self)</OnEnter>
      <OnLeave>OvaleIcon_OnLeave(self)</OnLeave>
    </Scripts>
  </CheckButton>
</Ui>
