﻿<Ui xmlns="http://www.blizzard.com/wow/ui/" xmlns:xsi="http://www.w3.org/2001/XMLSchema-instance" xsi:schemaLocation="http://www.blizzard.com/wow/ui/ ..\..\FrameXML\UI.xsd">

  <CheckButton name="OvaleIcone" virtual="true" inherits="ActionButtonTemplate">
    <Scripts>
      <OnLoad>OvaleIcone_OnLoad(self)</OnLoad>
      <OnClick>OvaleIcone_OnClick(self)</OnClick>
      <OnEnter>OvaleIcone_OnEnter(self)</OnEnter>
      <OnLeave>OvaleIcone_OnLeave(self)</OnLeave>
    </Scripts>
  </CheckButton>
</Ui>
